employee_id,name,age,city
2,Summer Hayward,25,Stockholm
3,Devin Huddleston,24,Southport
4,Mary Parker,29,Valence
5,Daniel Burke,31,Birmingham
6,Fredrick Beveridge,33,Echirolles
7,Archer Hort,34,La Seyne-sur-Mer
8,Evie Flockhart,58,Toulouse
9,Faith Greenwood,37,Genoa
10,Summer Hayward,47,Vienna
11,Gracie Powell,27,Murcia
12,Hershel Snyder,25,Woking
13,Julia Martell,55,Lohne
14,Viola Watson,21,Leicester
15,Julian Dobie,29,Sheffield
16,Rose Heap,31,Dordrecht
17,Ella Troy,50,Gothenburg
18,Everett Dunbar,49,Vienna
19,Georgia Bermingham,26,Langen
20,Christopher Goold,29,Copenhagen
21,John Baca,38,Gandia
22,Kai Leonard,60,Esbjerg
23,Jennifer Mattingly,60,Sesto San Giovanni
24,Nathan Iqbal,53,Trapani
25,Noah Chamberlain,23,Villiers-sur-Marne
26,Dylan Disney,49,Bielefeld
27,Melissa Bean,36,Leuven
28,Vaughn Gibbs,32,Prato
29,William Horton,35,Gela
30,David Harney,50,Bologna
31,Walter Coley,48,Menden
32,Lori Miller,38,Maisons-Alfort
33,Hayley Baldwinson,50,Madrid
34,Joseph Locke,34,Oslo
35,Gracie Hicks,32,Lisbon
36,Hollie Norris,20,Draguignan
37,Kiara Allen,41,Halle
38,Ronald Everson,46,Parma
39,Daryl Claypool,51,Dresden
40,Caleb Kenyon,36,Seville
41,Winnie Moss,45,Torrevieja
42,Courtney Hancock,50,Barcelona
43,Brandon Preston,50,London
44,Lara Stoate,43,Reims
45,Max Ludwig,37,Rosenheim
46,Summer Hayward,49,Uppsala
47,Millie Newman,32,Nice
48,Larry Klaus,30,Boulogne-sur-Mer
49,Shelby Dunston,38,La Crau
50,Erin Gill,56,Siena
51,Piper Wilder-Neligan,55,Barcelona
52,Patricia Lukes,56,Frankfurt
53,Lilian Macredie,26,Almelo
54,Jasmine Slater,43,Basel
55,Charlotte Taylor,21,Coslada
56,Victoria Bell,42,Marseille
57,Kayleigh Farmer,52,Hanover
58,Tyson Ebden,59,Elda
59,Sophie Franklin,44,Hardenberg
60,Maya O'Sullivan,52,Seville
61,Ronald Everson,50,Muret
62,Julian Mack,33,Beaune
63,Tegan Savage,50,Paris
64,Eva Hargraves,59,Castrop-Rauxel
65,Jonathan Summons,58,Milan
66,Darcy Farnell,57,Zurich
67,Katherine Grant,47,Grosseto
68,Jared Wurster,40,Paris
69,Kayla Ronald,23,Dublin
70,Angus Reading,58,Rome
71,Jodie Mellor,28,Namur
72,Maya Summers,22,Zaanstad
73,Oscar Clayton,53,Bochum
74,Angus De Groot,35,Colmar
75,Caleb Kenyon,29,Farnborough
76,Carl Proctor,43,Berlin
77,Spencer Akhtar,45,Rome
78,Lincoln Want,58,Berlin
79,Niamh Mann,20,Rimini
80,Nicole Nash,43,Paris
81,Joshua Romero,23,Baden-Baden
82,John Kemp,22,Madrid
83,Ryan Greenwood,49,Pforzheim
84,Naomi Hancock,29,Sheffield
85,Thomas Stephens,54,Coventry
86,Ashton Charles,22,Berlin
87,Shannon Howe,29,Pessac
88,Joseph Ford,23,Helsinki
89,Alexander Bennett,60,Basel
90,Koby Phillip,45,Berlin
91,Thomas McCallum,28,Bonn
92,Donna Nash,56,Leipzig
93,Wanda Wingert,56,Tourcoing
94,Scarlett Truchanas,30,London
95,Jessica Paramor,35,Bari
96,Charlie Brooks,45,Magdeburg
97,Sam Wood,28,Marseille
98,Gabriel Sanders,24,Noisy-le-Sec
99,Charles Builder,41,Stavanger
100,Aaron Bootman,60,Cagliari
101,Kayla Tearle,29,Marsala
102,Kayla Ronald,30,Basel
103,Mary Wilson,59,Emmen
104,Paige Horsfall,47,Augsburg
105,Lily Tyler,33,Stralsund
106,Charlie Wells,18,Carcassonne
107,Edward Zwar,58,Sheffield
108,Anthony Stewart,20,Munich
109,Sharon Kerley,58,Wigan
110,Samuel Thomas,33,Helmond
111,Benjamin Humphries,45,Castres
112,Morgan Anderson,27,Zurich
113,Luca Graham,22,Foligno
114,Chelsea Bannister,47,Dresden
115,Juanita Smalls,50,Hamm
116,Alexis Code,22,Hanover
117,Toby Conway,44,Troisdorf
118,Adam Bentley,55,Geneva
119,Angus De Groot,46,Newcastle upon Tyne
120,Harry Nelson,30,Gothenburg
121,Kayla Tearle,46,Treviso
122,Daryl Claypool,31,Rome
123,Aaron Bootman,43,Le Havre
124,Alexandra Macdonald,39,Edinburgh
125,Alexandra Macdonald,36,Saint-Priest
126,Skye McCaffrey,43,La Seyne-sur-Mer
127,Michelle Barrett,39,Lattes
128,Evie Rees,45,Geneva
129,David Harney,26,Le Blanc-Mesnil
130,Kaitlyn Dorsch,25,Essen
131,Logan Tilley,42,Coimbra
132,Corey Norton,21,Bonn
133,Owen Howell,47,Marseille
134,Molly Palmer,38,Ponferrada
135,Nicholas Carey,55,Nacka
136,Eve Bates,29,Crewe
137,Molly Palmer,27,Duisburg
138,Gerald Galvan,45,Montigny-le-Bretonneux
139,Benjamin Lee,28,Apeldoorn
140,Donald Pak,53,Brindisi
141,Alexander Bennett,31,Hamburg
142,Koby Tompson,55,Fontainebleau
143,Mackenzie Whitford,31,Riom
144,Sofia de Castella,55,Limoges
145,Eve Spencer,53,Potsdam
146,Amy Nixon,39,Lowestoft
147,Sebastian McClelland,56,Dublin
148,Luca Varley,18,Elx
149,Tara Hines,52,Sannois
150,Jay Andrews,60,Rotterdam
151,Ava Giles,28,Halifax
152,Gracie Powell,29,Duisburg
153,Kristal McCaslin,49,Paris
154,Mariam McMeckan,57,Milan
155,Sharlin Chopda,33,London
156,William Somerville,28,Le Petit-Quevilly
157,Louie Knight,54,Nijmegen
158,Jodie Garner,38,Chaumont
159,Imogen Daly,38,Vernon
160,Mohammed Fox,46,Geneva
161,Charlotte Taylor,46,Cholet
162,Melody Nelson,43,Siena
163,Jacob Roemer,59,Cesena
164,Leslie Wilson,31,Nogent-sur-Oise
165,Eileen Walker,24,Antwerp
166,Sam French,43,Pontoise
167,Ebony Sadlier,40,Krefeld
168,Dylan Disney,32,Bremen
169,Toby Clunie,40,Augsburg
170,Rose Heap,53,London
171,Edward Webber,56,Munich
172,Philip Newsom,59,Moers
173,Louis Scott,48,Ulm
174,John Kemp,27,Vienna
175,Eva Arnold,47,Erfurt
176,Lisa Watkins,24,Watford
177,Richard Poole,41,Alcobendas
178,Ewan Hyde,46,Amsterdam
179,Patricia Smith,48,Stockholm
180,Francesca Bowen,27,Porto
181,Denise Harris,21,Champigny-sur-Marne
182,Phoebe Moore,52,Dudley
183,Erick Tanner,33,Barcelona
184,Viola Watson,47,Stockholm
185,Maddison Newman,30,Apeldoorn
186,Patrick Townson,48,Utrecht
187,Jason Roger,45,Bordeaux
188,Robert James,21,Messina
189,Edward Hodges,26,Vincennes
190,Ralph Holmes,28,Neuilly-sur-Marne
191,Tina Phelps,33,Dublin
192,Rebecca Chamberlain,37,Milan
193,Maddison Breen,57,Argenteuil
194,Ryan Price,33,Berlin
195,Gabriel Sanders,55,Vienna
196,Milla Hollinworth,47,Quartu Sant'Elena
197,Henry Chandler,27,Toledo
198,Mary Parker,30,Rennes
199,Bianca Monsoor,55,Rome
200,Angus Reading,27,Breda
201,Alana Zahel,37,Naples
202,Lily Dallachy,33,Lisieux
203,Louis Wilson,21,Portsmouth
204,Lincoln Want,55,London
205,Esther Henderson,47,Pulheim
206,Mariam McMeckan,46,Hamburg
207,Elijah Sodeman,38,Stockholm
208,Angus Ibsch,23,Luton
209,Leon Thompson,59,Talence
210,Lorri Stratton,29,Rome
211,Rachel Tyler,54,Deuil-la-Barre
212,Paige Horsfall,33,Lyon
213,Maddison Breen,60,Barcelona
214,Molly Crawford,28,Cork
215,Tyler Whitehead,22,Wigan
216,David Mortlock,54,Warrington
217,Bianca Whitford,58,Milan
218,Angus De Groot,36,London
219,Minnie Cash,36,Augsburg
220,Ada Dalton,21,Groningen
221,Molly De Mole,54,Strasbourg
222,Elise Ali,41,Edinburgh
223,Eva Butler,48,Hanover
224,Rory Gunson,48,Oyonnax
225,Maya Pamphlett,34,Vienna
226,Harry Ahmed,49,Cologne
227,Pamela Searles,46,Marseille
228,Charlie Donnelly,26,London
229,Tilly Payne,41,Colchester
230,Molly Bidmead,60,Dublin
231,Samuel Hardey,47,Paris
232,Erin Rogers,50,Drancy
233,Carrie Boots,37,Mannheim
234,Madeline Crooks,22,Evreux
235,Susan Williams,31,Norwich
236,Steven Prince,30,Southend-on-Sea
237,Louise Winter,49,Palermo
238,Tyson Hanna,55,Worcester
239,Joseph Locke,53,Ghent
240,Harry Ahmed,60,Berlin
241,Georgina Garner,21,Chatham
242,Ellie Chapman,58,Ceuta
243,Tyler Miah,60,Mannheim
244,Marcus Leon,25,Remscheid
245,Katie Thom,57,Munich
246,William Reichert,46,Toulouse
247,Louis Scott,45,Hautmont
248,Jayden Ali,22,London
249,Adam Harte,45,Lille
250,Anna Leal,60,Aprilia
251,Theresa Varner,60,Vienna
252,Hubert Lindahl,38,Milan
253,Angus Gether,31,Thonon-les-Bains
254,Zara Money,57,Vitry-sur-Seine
255,Ethan Barrett,50,Antwerp
256,Eve Bates,48,Venice
257,Ruby Patel,35,Bamberg
258,Casey Forte,43,London
259,Kelly Long,59,Bolton
260,Peter Daly,27,Vienna
261,Sofia de Castella,43,Halmstad
262,Isabella Falkiner,37,Paris
263,Hayden Perkins,26,Odense
264,Susan Williams,48,Aprilia
265,Lauren Knight,40,Wallasey
266,Robert Zapata,35,London
267,Michael Watkins,57,Southport
268,Josh Wilkinson,54,Talence
269,Lucas Wood,37,Lormont
270,Marcus Griffin,28,Maisons-Alfort
271,Larry Lambert,33,Wolverhampton
272,Sam French,50,Gothenburg
273,Nancy Fike,39,Vienna
274,Casey Forte,23,Valladolid
275,Don Willie,44,Pamplona
276,Charlie Power,48,Venice
277,Stella Hellyer,33,Mansfield
278,Charlie Horrocks,39,Perpignan
279,Charlie Horrocks,19,Weston-super-Mare
280,Harold Smith,51,Messina
281,Tammy Chamblee,24,Hagen
282,Joseph Locke,46,Minden
283,Lane Taylor,46,Vienna
284,Sophia Owen,56,Ludwigshafen am Rhein
285,Ralph Holmes,33,Zwolle
286,Walter Aguilar,58,La Seyne-sur-Mer
287,David Lowe,59,Madrid
288,Benjamin Lee,58,Roermond
289,Jordan Peacock,41,Freiburg
290,Courtney Hancock,31,Stockholm
291,Georgina Garner,60,Roanne
292,Randall Roberts,28,Vienna
293,Kayla Tearle,57,Las Rozas de Madrid
294,Edward Davidson,52,Mont-de-Marsan
295,Mike Langer,53,Gallarate
296,Jordan Peacock,23,Wiesbaden
297,Kimberly Boyd,41,Saint-Laurent-du-Var
298,Ava Corbin,58,Messina
299,William Martin,33,Berlin
300,Jonathan Bottrill,38,Barcelona
301,Ruby Frost,51,Glasgow
302,Lane Taylor,47,Torremolinos
303,Sam French,55,Anglet
304,Jack Brier,33,London
305,Laura Akhtar,45,Paris
306,Chelsea Bannister,48,London
307,Charlotte Savage,53,Coventry
308,Daryl Claypool,50,Dublin
309,Desiree Hurt,44,Bressuire
310,Henry Pedder,54,Gronau
311,Paul Cleary,57,Rochdale
312,Hollie Morris,21,Villingen-Schwenningen
313,Mia McLean,18,Les Lilas
314,Nancy Fike,52,Hamburg
315,Denise Harris,49,Vincennes
316,Liam Mathias,45,Linz
317,Georgina Garner,25,Langenhagen
318,Caleb Kenyon,40,Remscheid
319,Robert Ramsey,25,Cottbus
320,Juanita Smalls,40,Marsala
321,Lola Hughes,49,Birmingham
322,Kristina Moore,45,Bideford
323,Jack Brier,54,Ponferrada
324,Isabella Secombe,50,London
325,Cerys Edwards,27,Vienna
326,Cynthia Zielinski,22,Landerneau
327,Abby Mei,54,Derby
328,Rory Martindale,42,Vantaa
329,Amy Nixon,46,Aylesbury
330,Archie Whittaker,30,Dublin
331,Kian Thomson,52,Hastings
332,Chloe Miller,33,Vila Nova de Gaia
333,Donald Pak,31,Stuttgart
334,Jasper Neighbour,56,Reus
335,Ashton Foley,19,Grosseto
336,Ali Jerger,28,Bressuire
337,Lily Dallachy,52,Genoa
338,Joel Peters,30,Cerignola
339,Mohammed Fox,50,La Madeleine
340,Henry Winder,39,The Hague
341,Luz Reilly,48,Rostock
342,Lucas Wood,34,Dresden
343,Ebony Sadlier,48,Sheffield
344,Brooke Hodgson,26,Antwerp
345,Leslie Wilson,53,Leipzig
346,Ellie Chapman,42,Champigny-sur-Marne
347,Leroy Samson,23,Leverkusen
348,Mike Langer,43,Cestas
349,Hollie Morris,34,Huddersfield
350,Demi Power,54,Limoges
351,Norma McCowan,42,Passau
352,Eve Spencer,58,Biarritz
353,Erick Tanner,40,Berlin
354,Noah Chamberlain,24,Aix-en-Provence
355,Eden Kern,47,Ashford
356,Nancy Fike,31,Kiel
357,Aaron Cunningham,55,Basel
358,Eden Kern,25,Innsbruck
359,Jodie Mellor,34,Cologne
360,Lauren Knight,44,Dordrecht
361,Joseph Locke,21,Belfort
362,Kiera Chandler,51,Vienna
363,Leo Bannister,49,Fontenay-aux-Roses
364,Laura Akhtar,21,Courbevoie
365,Anna Moreton,57,Ajaccio
366,Norma McCowan,40,Paris
367,Tom Charlton,47,Augsburg
368,Andrew Shah,40,Harrow
369,Terence Welch,26,Arnsberg
370,Kiara Allen,25,Altamura
371,Tina Brantley,33,Frankfurt
372,Alana Tyson,18,Vallauris
373,Eloise Mahmood,26,Valencia
374,Natasha Sykes,51,Trento
375,Oliver Stephenson,21,London
376,Eva Sanderson,48,Parma
377,Max Baker,28,Wiesbaden
378,Leah Barrett,42,Halle
379,James Fleming,30,Bologna
380,Robert Ramsey,19,Vienna
381,Ellie Chapman,48,Sunderland
382,Spencer Wallis,39,Tarragona
383,Georgia Bermingham,36,London
384,Isabelle Macghey,23,Como
385,Hayden Perkins,34,Hamburg
386,Lilly Akhtar,45,Bolton
387,Darcy Farnell,20,Manchester
388,Brandon Preston,56,Treviso
389,Melissa Bean,40,Schwerin
390,Molly Palmer,48,Norwich
391,Rory Gunson,38,Harrogate
392,Kai Wicks,30,Cologne
393,Cerys Edwards,56,Sant Boi de Llobregat
394,Ruby Blomfield,47,Berlin
395,Lola Hughes,26,Madrid
396,Rory Jess,33,Arnhem
397,Rose Heap,20,London
398,Claire Harrington,56,Cergy
399,Isabelle Norton,53,Cologne
400,Ryan Ackland,49,Apeldoorn
401,Lisa Boyette,34,London
402,Georgina Garner,26,Madrid
403,Isabella Secombe,52,Noisy-le-Grand
404,Alexandra Whitehouse,48,Madrid
405,Millie Franklin,38,Lausanne
406,Millie Arnold,47,Bristol
407,Patricia Epps,51,Lille
408,Toby Williamson,33,London
409,Harry Josephson,50,Saint-Avold
410,Ethan Howarth,32,Breda
411,Francesca Bowen,57,Montpellier
412,Abby Muramats,28,High Wycombe
413,Anna Kelly,22,Lucca
414,Gemma Curlewis,30,Turin
415,Angelina Hurst,24,Baden-Baden
416,Phoebe Baines,33,Menton
417,Madison Rowley,58,Crotone
418,Georgina Arnold,42,Vertou
419,Eve Spencer,33,Paisley
420,Robert Quick,40,The Hague
421,Mark Westfall,43,Vigo
422,Robert Quick,30,Rochdale
423,Karon Shah,58,Roubaix
424,Hudson Ordell,35,Stuttgart
425,Michael Halcomb,58,Taverny
426,Gracie Hunter,28,Helsinki
427,Gemma Curlewis,37,Brindisi
428,Alexandra Whitehouse,28,Hamburg
429,Esther Henderson,41,Palermo
430,Ronald Everson,46,Emmen
431,Evan Allen,35,Dublin
432,Aaron Bootman,18,Chester
433,Terence Welch,40,Vicenza
434,Elise Ali,56,Vallauris
435,Gracie Hunter,51,Dublin
436,Mary Wilson,46,Wuppertal
437,Libby McDonald,24,Herne
438,Georgia Arundale,24,High Wycombe
439,Michael Myers,20,Drammen
440,Isaac David,33,Jena
441,Demi Hodgson,50,Friedrichshafen
442,Stacy Cummings,57,Vienna
443,Ethan Cover,18,Wattrelos
444,Evie Flockhart,46,Oslo
445,Lauren Knight,60,Gothenburg
446,Ruby Nicholls,25,Orsay
447,Joel Peters,57,Dreux
448,Ryan Price,54,Reggio nell'Emilia
449,Ryan Greenwood,56,Dudley
450,Mary Parker,26,Amsterdam
451,Lincoln Want,54,Salamanca
452,Gary Crume,30,Bordeaux
453,Alexander Bond,48,Oberhausen
454,Ashton Foley,50,Lugo
455,Jeremy Pilcher,39,Neuilly-sur-Seine
456,Lilly Le Grand,44,Innsbruck
457,Cerys Edwards,27,Rome
458,Leah Marsh,38,Offenbach
459,Geraldine Mizelle,27,Alicante
460,Georgina Arnold,18,Dublin
461,William Horton,31,Breda
462,Terence Welch,54,Frankfurt
463,Anna Kelly,40,Brindisi
464,Jay Andrews,27,Northampton
465,Jason Martinez,44,Darlington
466,Tahlia Murnin,28,Strasbourg
467,Natasha Sykes,27,Worcester
468,Patricia Smith,59,Esbjerg
469,Mia Pugh,24,Zwickau
470,Elijah Ruatoka,37,Aulnay-sous-Bois
471,Tyson Jonathan,40,Karlsruhe
472,Mike Obrien,25,Madrid
473,Aaron Cunningham,23,Valencia
474,John Town,34,Dublin
475,Hubert Lindahl,22,Loughborough
476,Mary Saterfiel,32,Gera
477,Ashton Morey,19,Woking
478,Ginger Owens,52,Amsterdam
479,Dennis Conaway,38,Rostock
480,Maya O'Sullivan,28,Bonn
481,Alannah Langridge,47,Vignola
482,Angelina Beeton,38,Castrop-Rauxel
483,Abby Colebe,52,Dudley
484,Daryl Claypool,45,Poissy
485,Ralph Holmes,20,Ludwigshafen am Rhein
486,Hershel Snyder,46,Blackburn
487,Ethan Barrett,22,Murcia
488,Aaron Macrossan,39,Perpignan
489,Holly Doyle,40,Cumbernauld
490,Gilbert Montgomery,21,Wuppertal
491,Spencer Calvert,41,Bochum
492,Zachary Disher,53,Plymouth
493,George To Rot,60,Colchester
494,Viola Watson,39,Catania
495,Noah Hart,28,Leeds
496,Milla Hollinworth,18,Drancy
497,Lily Tyler,32,Bolzano
498,Edward Zwar,45,La Baule-Escoublac
499,Aaron Davey,18,York
500,Xavier Martindale,32,Munich
501,Paul Cleary,20,Cologne
502,Ngoc Orozco,26,Paris
503,Lucas Warren,21,Molfetta
504,Lily Dallachy,18,Krefeld
505,Jake Barry,52,Verdun
506,Audrey Knowles,53,Magdeburg
507,Alexandra Portus,60,Berlin
508,Alannah Callaway,55,Gothenburg
509,Isabella Falkiner,20,Birkenhead
510,Joseph Wright,44,Mannheim
511,Eve Spencer,50,Beauvais
512,Bradley Howell,52,Duisburg
513,Isabelle Radcliffe,45,Wiesbaden
514,Madison Chadwick,38,Arras
515,Jack Brier,55,Littlehampton
516,David Harney,49,Berlin
517,Devin Huddleston,47,Saint-Malo
518,Juan Smith,43,Cagliari
519,Jason Martinez,32,Newcastle upon Tyne
520,Peter Daly,30,Dijon
521,Jean Crowley,55,Carrara
522,Spencer Calvert,40,Graz
523,Christy Wiley,22,Quimper
524,Samuel Hardey,27,Cologne
525,Chloe O'Dea,19,Valencia
526,Abbie Perry,57,Gloucester
527,Julian Mack,45,Massa
528,Casey Forte,23,Courbevoie
529,Ali Mander-Jones,25,Duisburg
530,Archer Hort,28,Dos Hermanas
531,Susan Williams,29,Toulouse
532,Michael Watkins,37,Pescara
533,Jason Roger,30,Wuppertal
534,Walter Aguilar,55,Langenhagen
535,Mark Washington,22,Novara
536,Nathan Clayton,43,Montreuil
537,Noah Chamberlain,43,Berlin
538,Hayley Swanston,56,Stockton-on-Tees
539,Daniel Burke,55,Hamburg
540,Daniel Hamilton,45,Stockholm
541,Kayleigh Summers,30,Recklinghausen
542,Maddison Newman,57,Troisdorf
543,Sebastian Barber,51,Linz
544,Demi Power,21,Waterlooville
545,Gary Crume,37,Frontignan
546,Toby Williamson,20,Hanover
547,Will Poynton,56,Madrid
548,Betty Reynolds,60,Trier
549,Daniel Lucas,31,Hamburg
550,Dennis Conaway,54,Rotterdam
551,Lisa Watkins,19,Heilbronn
552,Bradley Howell,51,Aachen
553,Amy Pendred,50,Bilbao
554,Sandra Cook,36,Hamburg
555,Mary Hough,37,Worcester
556,Charlie Wells,59,Helmond
557,Rebecca Heysen,24,Saint-Ouen
558,Sandra Cook,53,Vienna
559,Edward Martinez,35,Berlin
560,Taj Knetes,18,Helsinki
561,Harriet Chadwick,51,Alfortville
562,Elijah Ruatoka,32,Preston
563,Sandra Hooks,27,Marseille
564,Millie Newman,51,Ferrara
565,Bethany Hunt,24,Clermont-Ferrand
566,Tyson Jonathan,43,Reims
567,Sam Wood,59,Digne-les-Bains
568,George Dawson,51,Glasgow
569,Craig Rayner,59,Berlin
570,Zachary Warner,44,Pozzuoli
571,Isabel Turnbull,27,Berlin
572,Isabelle Vaughan,42,Zurich
573,Larry Lambert,54,Castres
574,Holly Doyle,49,Messina
575,Libby Thompson,54,Magdeburg
576,Casey Forte,46,Slough
577,Ebony Northcott,25,Norderstedt
578,Kayleigh Farmer,39,Nuremberg
579,Amy Nixon,60,Palermo
580,Gemma Sharp,59,Berlin
581,Dylan Disney,19,Ipswich
582,Charlie Power,49,Hamburg
583,Riley Douglas,30,Leipzig
584,Isabelle Vaughan,32,Menden
585,Rita McCann,46,Lyon
586,Leah Marsh,32,Murcia
587,Ruby Blomfield,24,Allauch
588,Mark Westfall,19,Montreuil
589,Leah Barrett,23,Pozzuoli
590,Adam Bentley,47,Hamburg
591,Madison Rowley,32,Erfurt
592,Denise Harris,36,Wolverhampton
593,Cerys Edwards,31,Tarragona
594,Dylan Dry,55,Munich
595,Peter Daly,53,Cinisello Balsamo
596,Paige Hopley,53,Hildesheim
597,Ashton Charles,26,Birmingham
598,Annabelle Heydon,40,Nice
599,Paul Collazo,38,Laval
600,Oscar Serena,37,Hamburg
601,Ella Troy,45,Halle
602,Tyson Brookman,19,Ercolano
603,Ethan Barrett,35,Paris
604,Juanita Smalls,33,Longjumeau
605,Alexandra Macdonald,37,Herten
606,Thomas Shepherd,26,Pforzheim
607,Brooke Horton,59,Stockport
608,Lucas Warren,40,Paris
609,Toby Clunie,41,Bochum
610,Angie Massengill,22,Paris
611,David Chadwick,31,Girona
612,Imogen Daly,39,Hamburg
613,Michael Watkins,35,Santander
614,Nate Dacey,32,Pulheim
615,Jake Barry,39,Mougins
616,Louise Winter,54,Lisieux
617,Nathan Iqbal,31,Magdeburg
618,Leon Barnes,26,Bolton
619,Natasha Heane,50,Helsinki
620,Archer Hort,30,Rovigo
621,Toby Conway,33,Vannes
622,Claudia Poore,35,Vienna
623,Alexis O'Flaherty,28,Stockholm
624,Francesca Bowen,35,Madrid
625,Leah Marsh,20,London
626,Tammy Chamblee,58,Sheffield
627,Philip Newsom,45,Lille
628,Zoe Lowin,31,Bologna
629,Faith Chambers,57,Antibes
630,Tyson Jonathan,48,Hattingen
631,Alta Nokes,29,Muret
632,Eva Hargraves,22,Augsburg
633,Ramona Hohl,49,Bremen
634,Kieran Herbert,49,Vienna
635,Molly Hawkins,20,Guildford
636,Oscar Serena,38,Reims
637,Rory Martindale,30,Ulm
638,Kerry Dorsey,40,Carcassonne
639,Nicole Johns,42,Vienna
640,Peter Daly,39,Fuengirola
641,Thomas Thompson,45,Birmingham
642,Eva Butler,33,Florence
643,Charli Rose,28,Velbert
644,Dominic Jordan,44,Menden
645,Kyle Beard,59,Grigny
646,Freya Daniels,47,Lisbon
647,Craig Rayner,19,Milan
648,Nicholas Watkins,20,Oslo
649,Maynard Moorman,40,London
650,Milla Day,47,Haarlem
651,Lilly Le Grand,34,Torrevieja
652,Hershel Snyder,34,La Seyne-sur-Mer
653,James Casados,55,Stockholm
654,Amelie North,42,Mijas
655,Alex Greenwood,23,Paris
656,Charles Carey,28,Hove
657,Julian Corbin,23,Amsterdam
658,Elise Ali,46,Valencia
659,Toby Starling,22,Genk
660,Alex Greenwood,27,Valladolid
661,Caleb Kenyon,58,Paris
662,Matthew Gill,18,Stockholm
663,Harry Josephson,48,Villeurbanne
664,Riley Douglas,39,Paris
665,Scott Higgins,25,Huddersfield
666,Gracie Hicks,22,Offenbach
667,Leroy Samson,22,Siegen
668,Joyce Cornell,46,Grenoble
669,Lara Stoate,53,Cartagena
670,Andres Woodruff,35,Greifswald
671,Lorri Stratton,45,Firminy
672,Kenneth Gonzales,37,Hamburg
673,Alexander Bennett,22,Stockport
674,Rory Chambers,54,Foggia
675,Jessica Spring,28,Vittoria
676,Norma McCowan,48,Magdeburg
677,Tom Charlton,37,Berlin
678,Isabelle Vaughan,45,Argenteuil
679,Lewis Greenwood,27,Harrow
680,Jonathan Franklin,42,Karlsruhe
681,Adam Harte,32,Duisburg
682,Ethel Cole,18,Nottingham
683,Sofia Goddard,26,Lunel
684,Harry Josephson,42,London
685,Freya Daniels,53,Ludwigshafen am Rhein
686,Mary Hough,32,Moers
687,Dominic Elliott,24,Laval
688,Alexandra Macdonald,32,Peterborough
689,Joseph Wright,21,Ravenna
690,Bianca Whitford,55,Cannes
691,Holly Noble,28,Foggia
692,Kevin Madigan,44,Amadora
693,Isaac David,36,Oviedo
694,Amy Nixon,52,La Rochelle
695,Zoe Lanigan,42,Turin
696,Jasmine Hanson,39,Naples
697,Niamh Mann,22,Nacka
698,Jonathan Loftus,25,Rosny-sous-Bois
699,Toby Williamson,53,Augsburg
700,Justin Armit,55,Alicante
701,Adam Walpole,48,London
702,Thomas Stephens,58,Berlin
703,Lilly Akhtar,51,Marly-le-Roi
704,Jade Farmer,45,Turku
705,Koby Phillip,27,Walsall
706,Denise Harris,27,Cagliari
707,Carl Proctor,26,Herford
708,Carrie Boots,37,Vienna
709,Mia Pugh,52,Vienna
710,Kayla Tearle,27,Lisbon
711,Katie Thom,43,Duisburg
712,Daniel Hamilton,53,Mijas
713,Mark Westfall,33,Vienna
714,Michael Bradshaw,23,Stockholm
715,Lauren Saunders,36,Duisburg
716,Gerald Galvan,22,Barcelona
717,Jacob Carter,43,Nantes
718,Anna Kelly,28,Oullins
719,Kerry Dorsey,55,Valdemoro
720,Ethan Williams,19,Bayonne
721,Bettie Lang,28,Stockholm
722,Tahlia Murnin,19,Manresa
723,David Velasquez,43,Mansfield
724,Luz Reilly,32,Dublin
725,Jason Martinez,20,Dortmund
726,Alana Tyson,21,Turin
727,Nathan Clayton,38,Portsmouth
728,Taj Knetes,23,Elda
729,Evie Flockhart,52,Bry-sur-Marne
730,Gail Thompson,45,Dublin
731,Kieran Herbert,32,Molina de Segura
732,Jesse Godson,58,Madrid
733,Philip Newsom,47,Regensburg
734,Donna Farr,45,Zamora
735,Rachel Norton,19,Oslo
736,Carol Evans,26,Blackpool
737,Lillian Davis,35,The Hague
738,Michael Wilson,34,Hamburg
739,Timothy Jimenez,19,Vienna
740,Marie Lawson,57,Villeparisis
741,Skye Hammond,38,Copenhagen
742,Jessica Paramor,57,Verona
743,Maya O'Sullivan,26,Aix-en-Provence
744,Adam Walpole,26,Argenteuil
745,Carley Wynn,37,London
746,Molly Hawkins,57,Turin
747,Felicia Cooley,56,Groningen
748,Molly Bidmead,26,Ghent
749,Matthew Barker,43,Darmstadt
750,Owen Howell,56,Plaisance-du-Touch
751,Shannon Howe,26,Cheltenham
752,Dominic Stephenson,50,Madrid
753,Evie Morton,44,Derby
754,Lilian Macredie,30,Naples
755,Amelie North,59,Givors
756,Millie Franklin,30,Madrid
757,Lara Stoate,20,Ponferrada
758,Harry Marion,53,Montpellier
759,Robert Neil,57,Tamworth
760,Lamar Lockhart,58,Breda
761,Stella Balcombe,40,Valencia
762,Natasha Heane,33,Paris
763,Luz Reilly,26,Rouen
764,Susan Williams,20,Stockholm
765,Ruby Frost,24,Marbella
766,Liam Newton,20,Kassel
767,Rachel Goddard,50,Oslo
768,Betty Reynolds,53,Enschede
769,Joshua Romero,27,Valencia
770,Millie Newman,41,Verona
771,Jammie Gibbs,49,Cologne
772,Isabelle Gould,28,Neubrandenburg
773,Katie Thom,41,Haninge
774,Daniel Howells,24,Elx
775,Julie Ochoa,39,Vienna
776,Joe Gilbert,23,Pescara
777,Leslie Wilson,19,Carlisle
778,Elisabeth Manson,39,Peterborough
779,Oscar Noble,49,Wattrelos
780,Toby Clunie,45,Rome
781,Michael Myers,59,Laon
782,Joseph Ford,42,Rovigo
783,Henry Winder,23,London
784,Charlie Wells,22,Iserlohn
785,Louis Scott,57,Assen
786,Leslie Wilson,23,East Kilbride
787,Adam Peacock,27,Valladolid
788,Mark Washington,39,Dijon
789,Timothy Pownall,29,Vienna
790,Isabella Secombe,20,Amsterdam
791,Ella Harrhy,47,Runcorn
792,Jett Osman,60,Birmingham
793,Georgia Blackburn,25,Utrecht
794,Betty Reynolds,29,Gosport
795,Declan Dundas,30,Milan
796,Peter Daly,23,Dos Hermanas
797,Lillian Davis,35,Innsbruck
798,Peter Daly,54,Hamburg
799,Ruth Williams,24,Rillieux-la-Pape
800,Zara Money,32,Naples
801,Mike Langer,55,Ferrara
802,Toby Patterson,28,Vienna
803,Arnold Jones,49,Plymouth
804,Walter Aguilar,30,Rome
805,Faith Chambers,36,Marbella
806,Demi Power,50,Vienna
807,Imogen Steele,54,Zurich
808,Ashley Baldwinson,31,Linz
809,Isaac David,47,Montrouge
810,Isabella Cleary,34,Perpignan
811,Imogen Symon,19,Corbeil-Essonnes
812,Hayden Perkins,48,Fiumicino
813,Elijah Sodeman,30,Munich
814,Julian Mack,60,Saint-Priest
815,George To Rot,56,Leipzig
816,Rory Martindale,36,Agen
817,Tyson Hanna,42,Naples
818,Isabelle Norton,43,Ferrara
819,Bonnie Wilson,25,Vigo
820,Cooper Burn,53,Graz
821,Leroy Dudley,47,Edinburgh
822,Harry Josephson,43,Paris
823,Claire Harrington,53,Argenteuil
824,Eric Anderson,18,Castres
825,Kimberly Jones,49,Runcorn
826,Debbie Fisk,24,Aschaffenburg
827,Michael Kim,57,Sandnes
828,Angie Massengill,53,Arnsberg
829,Louise Winter,40,Quimper
830,Sarah Smorgon,21,Mulhouse
831,Rory Gunson,32,London
832,Kayla Tearle,55,Hinckley
833,Faith Greenwood,34,Genoa
834,Georgina Garner,59,Randers
835,Georgia Arundale,23,Nice
836,Steven Prince,35,Perugia
837,Harvey Daniels,31,Madrid
838,Walter Aguilar,58,Le Havre
839,Maria Kennedy,55,Drancy
840,Alta Nokes,44,Coventry
841,Joshua Andrews,51,Carlisle
842,Charlie Power,59,Sassari
843,Angus Fryar,25,Cambridge
844,Lara Stoate,32,Busto Arsizio
845,Michael Myers,29,Portsmouth
846,Eve Bates,38,Munich
847,Ella Knopwood,47,Chartres
848,Lamar Lockhart,59,Bremen
849,Rory Chambers,31,Puertollano
850,Jennifer Douglas,48,Birmingham
851,Jessica Paramor,21,Karlsruhe
852,Phoebe Moore,21,Nice
853,Owen Howell,56,Oslo
854,Hayden Perkins,24,Runcorn
855,Robert Zapata,42,Vanves
856,William Jolly,39,Dundee
857,Jade Howe,27,Sheffield
858,Karla Dunkley,33,Odivelas
859,Eve Bates,53,Rotterdam
860,Lorri Stratton,30,Vienna
861,Ngoc Orozco,40,Nanterre
862,Angus De Groot,39,Kingswood
863,Jade Howe,29,Orihuela
864,Corey Browne,44,Apeldoorn
865,Don Willie,27,Meyzieu
866,Dominic Jordan,43,Wolfsburg
867,Phoebe Lindsay,38,Turku
868,Morgan Anderson,28,Barry
869,Aaron Bootman,23,Rome
870,Samuel Hardey,60,Viersen
871,Kyle Nash,47,Tarbes
872,Benjamin Lee,45,Weimar
873,Angus Blacklock,37,Outreau
874,Nicole Howard,43,Chartres
875,Michael Watkins,47,Ponferrada
876,Donna Farr,34,Gallarate
877,Koby Tompson,41,Eindhoven
878,Rita McCann,29,Dorsten
879,Bettie Lang,60,Gateshead
880,Joe Gilbert,55,Tilburg
881,Jade Daniels,32,Almelo
882,Chloe O'Dea,42,Aberdeen
883,Alexandra Whitehouse,58,London
884,Anthony Stewart,31,Gothenburg
885,Craig Rayner,25,Malakoff
886,Rita McCann,36,Duisburg
887,Isabelle Vaughan,40,Espoo
888,Mark Westfall,32,London
889,Jacob Carter,20,Roubaix
890,Lily Skurrie,50,Conflans-Sainte-Honorine
891,Nathan Iqbal,29,Wiesbaden
892,Rachel Norton,32,Bradford
893,Everett Dunbar,59,Euskirchen
894,Terence Welch,51,Rome
895,Aaron Bootman,26,Corbeil-Essonnes
896,Hollie Morris,34,Southend-on-Sea
897,Skye Hammond,58,Poole
898,Lincoln Want,25,Cagliari
899,Hayley Swanston,54,Utrecht
900,William Somerville,42,Cardiff
901,Mason Adams,45,Bochum
902,Anthony Stewart,44,Nuremberg
903,Skye Hammond,28,Molina de Segura
904,Aidan Hayward,24,Bielefeld
905,Liam Newton,47,Jena
906,Mackenzie Whitford,49,Reggio nell'Emilia
907,Peggy Hua,29,Montreuil
908,Rory Gunson,50,Benidorm
909,Hubert Lindahl,60,Hasselt
910,Donna Nash,48,Mauguio
911,Kian Sykes,49,Rotherham
912,Isabel Turnbull,25,West Bromwich
913,Owen Faulkner,35,Annecy
914,Eve Spencer,36,Vienna
915,James Casados,54,Montesson
916,Ben Summerville,36,Toulouse
917,George To Rot,38,Limoges
918,Ashton Charles,22,Valladolid
919,Timothy Jimenez,33,Norderstedt
920,Caitlin Schmidt,28,Florence
921,Ellie Chapman,34,Erftstadt
922,William Somerville,26,Munich
923,Juan Smith,41,Ipswich
924,Ewan Hyde,33,Ghent
925,Leah Derham,21,Cesena
926,Xavier Synan,27,Vienna
927,Charles Carey,39,Venice
928,Ben Hogben,25,Marano di Napoli
929,Michelle Barrett,57,Hanover
930,Ashton Charles,30,Saint-Michel-sur-Orge
931,Eden Kern,33,Munich
932,Faith Chambers,19,Dundee
933,Leo Bannister,20,Oxford
934,Leroy Dudley,28,Berlin
935,Blake Lymburner,50,Milan
936,Kerry Dorsey,37,Frederiksberg
937,Julian Mack,31,Augsburg
938,Lisa Watkins,29,Dormagen
939,David Lowe,27,Parla
940,Georgina Storey,56,Capelle aan den IJssel
941,Dominic Scott,53,Vienna
942,Maya Pamphlett,43,Berlin
943,Sebastian McClelland,38,Lons-le-Saunier
944,Lauren Knight,60,Schiedam
945,Leslie Wilson,42,Colmar
946,Harrison Cooke,34,Glasgow
947,Luther King,18,Langenhagen
948,Gracie Hicks,32,Erfurt
949,Jasmine Hanson,59,Copenhagen
950,Eva Arnold,45,Hamburg
951,Harry Josephson,56,Foggia
952,Geraldine Mizelle,42,Hasselt
953,Rachel Morton,27,Lugo
954,Tahlia Coughlan,35,Barcelona
955,Indiana Wekey,24,Turin
956,Nicholas Watkins,23,Berlin
957,Dominic Scott,30,Sheffield
958,Lisa Casey,47,London
959,Gemma Curlewis,46,Draguignan
960,Caitlin Schmidt,57,Vienna
961,Jade Hawkins,26,Sheffield
962,Sharon Kerley,49,Kotka
963,Jordan Peacock,25,Leipzig
964,Corey Norton,51,Nacka
965,Ali Mander-Jones,33,Moers
966,Kieran Herbert,45,Vienna
967,Kevin Madigan,22,Leeuwarden
968,Ruby Patel,47,Chelles
969,Sophia Owen,59,Hanover
970,Maya Pamphlett,29,Huddersfield
971,Matthew Gill,37,Barcelona
972,Mike Obrien,43,Vienna
973,Keith Martinez,26,Chemnitz
974,Lara Giles,49,Vienna
975,Ashton Foley,50,Winterthur
976,David To,53,Oberhausen
977,Craig Rayner,32,Karlsruhe
978,Maddison Newman,25,Weimar
979,Anna Kelly,48,Birmingham
980,Eden Gooseberry,48,Huddinge
981,Gilbert Montgomery,50,Glasgow
982,Chinki Pnadey,27,London
983,Kristen Holland,25,Tremblay-en-France
984,Alice Black,21,La Teste-de-Buch
985,Abbie Perry,44,Amsterdam
986,Darcy St George,39,Hamburg
987,Ewan O'Neill,58,Velletri
988,Nate Dacey,33,Las Rozas de Madrid
989,Lori Miller,31,Las Rozas de Madrid
990,Lilian Macredie,35,Manchester
991,Lori Miller,47,Langen
992,Ali Jerger,33,Cremona
993,Charlie Horrocks,26,Rugby
994,Millie Franklin,26,Walsall
995,Keith Martinez,32,Milan
996,Adam Gibbs,58,Narbonne
997,Janet Broussard,29,Tours
998,Victoria Bell,47,Parla
999,Harry Nelson,27,Nottingham
1000,Jacob Varley,42,Barcelona
